场景,小时,风电/MW,光伏/MW,风光合计/MW,常规负荷/MW,制氨负荷率,制氨功率/MW,储能充电/MW,储能放电/MW,SOC/MWh,弃电/MW,常规负荷缺供/MW
W1P1,0,9.776,0.0,9.776,1.3698000000000001,0.20255903614457832,8.4062,0.0,0.0,0.0,0.0,0.0
W1P1,1,10.904,0.0,10.904,1.0997999999999999,0.2362457831325301,9.8042,0.0,-0.0,-0.0,0.0,0.0
W1P1,2,15.152000000000001,0.0,15.152000000000001,0.7998000000000001,0.3458361445783133,14.352200000000002,0.0,0.0,0.0,0.0,0.0
W1P1,3,13.312,0.0,13.312,0.99,0.2969156626506024,12.322,0.0,-0.0,-0.0,0.0,0.0
W1P1,4,15.072000000000001,0.0,15.072000000000001,1.1802000000000001,0.3347421686746988,13.8918,0.0,0.0,-0.0,0.0,0.0
W1P1,5,18.724,0.0,18.724,1.6301999999999999,0.4118987951807229,17.0938,0.0,0.0,-0.0,0.0,0.0
W1P1,6,9.628,14.08,23.708,2.5002,0.5110313253012048,21.2078,0.0,0.0,0.0,0.0,0.0
W1P1,7,22.804000000000002,25.6,48.404,3.3701999999999996,1.0,41.5,3.5338000000000065,0.0,3.180420000000006,0.0,0.0
W1P1,8,17.852,37.12,54.971999999999994,4.0098,1.0,41.5,9.462199999999996,0.0,11.690039160000003,0.0,0.0
W1P1,9,14.328000000000001,46.08,60.408,4.199999999999999,1.0,41.5,14.707999999999998,0.0,24.903859081680004,0.0,0.0
W1P1,10,11.904,52.48,64.384,4.1202,1.0,41.5,18.763800000000003,0.0,41.741471363516645,0.0,0.0
W1P1,11,7.736,55.04,62.775999999999996,3.9000000000000004,1.0,41.5,17.375999999999998,0.0,57.29638842078961,0.0,0.0
W1P1,12,8.556000000000001,56.32,64.876,3.2598000000000003,1.0,41.5,20.116200000000006,0.0,75.28637564394805,0.0,0.0
W1P1,13,14.52,56.32,70.84,2.6898,1.0,41.5,26.650199999999998,0.0,99.12098289266015,0.0,0.0
W1P1,14,6.707999999999999,52.48,59.187999999999995,3.63,1.0,41.5,14.057999999999993,0.0,111.57494092687483,0.0,0.0
W1P1,15,11.175999999999998,44.8,55.976,3.8202000000000003,1.0,41.5,10.6558,0.0,120.94201104502109,0.0,0.0
W1P1,16,10.107999999999999,33.28,43.388,3.75,1.0,41.5,0.0,1.8620000000000019,118.63123813404215,0.0,0.0
W1P1,17,6.3839999999999995,24.32,30.704,3.1398,1.0,41.5,0.0,13.9358,102.90975343555183,0.0,0.0
W1P1,18,6.428000000000001,11.52,17.948,2.61,1.0,41.5,0.0,26.162,73.63504503979183,0.0,0.0
W1P1,19,5.736,0.0,5.736,2.1198,1.0,41.5,0.0,37.8838,31.394663838601133,0.0,0.0
W1P1,20,3.752,0.0,3.752,1.8599999999999999,0.5954719130415201,24.712084391223087,0.0,22.820084391223087,5.976225187342723,0.0,0.0
W1P1,21,3.6919999999999997,0.0,3.6919999999999997,1.6301999999999999,0.1,4.15,0.0,2.0882000000000005,3.6440505147458144,0.0,0.0
W1P1,22,4.88,0.0,4.88,1.56,0.1,4.15,0.0,0.8300000000000005,2.7145401914941,0.0,0.0
W1P1,23,3.1919999999999997,0.0,3.1919999999999997,1.4802,0.1,4.15,0.0,2.4382000000000006,-0.0,0.0,0.0
W1P2,0,9.776,0.0,9.776,1.3698000000000001,0.23590325021686745,9.789984883999999,0.0,1.3837848839999998,0.0,0.0,0.0
W1P2,1,10.904,0.0,10.904,1.0997999999999999,0.2362457831325301,9.8042,0.0,-0.0,-0.0,0.0,0.0
W1P2,2,15.152000000000001,0.0,15.152000000000001,0.7998000000000001,0.3458361445783133,14.352200000000002,0.0,0.0,-0.0,0.0,0.0
W1P2,3,13.312,0.0,13.312,0.99,0.2969156626506024,12.322,0.0,0.0,-0.0,0.0,0.0
W1P2,4,15.072000000000001,0.0,15.072000000000001,1.1802000000000001,0.3347421686746988,13.8918,0.0,0.0,-0.0,0.0,0.0
W1P2,5,18.724,0.0,18.724,1.6301999999999999,0.4118987951807229,17.0938,0.0,0.0,-0.0,0.0,0.0
W1P2,6,9.628,0.0,9.628,2.5002,0.1717542168674699,7.127800000000001,0.0,0.0,0.0,0.0,0.0
W1P2,7,22.804000000000002,3.2,26.004,3.3701999999999996,0.5453927710843374,22.6338,0.0,-0.0,-0.0,0.0,0.0
W1P2,8,17.852,10.88,28.732,4.0098,0.5957156626506024,24.722199999999997,0.0,0.0,-0.0,0.0,0.0
W1P2,9,14.328000000000001,17.92,32.248000000000005,4.199999999999999,0.6758554216867472,28.04800000000001,0.0,0.0,-0.0,0.0,0.0
W1P2,10,11.904,24.96,36.864000000000004,4.1202,0.7890072289156628,32.74380000000001,0.0,0.0,-0.0,0.0,0.0
W1P2,11,7.736,31.36,39.096,3.9000000000000004,0.8480963855421686,35.196,0.0,0.0,-0.0,0.0,0.0
W1P2,12,8.556000000000001,35.84,44.396,3.2598000000000003,0.9912337349397591,41.1362,0.0,0.0,0.0,0.0,0.0
W1P2,13,14.52,37.12,51.64,2.6898,1.0,41.5,7.450200000000002,0.0,6.705180000000002,0.0,0.0
W1P2,14,6.707999999999999,32.0,38.708,3.63,0.850965431321935,35.3150653998603,0.0,0.23706539986030595,6.428363640155218,0.0,0.0
W1P2,15,11.175999999999998,25.6,36.775999999999996,3.8202000000000003,0.7941156626506023,32.955799999999996,0.0,0.0,6.415506912874907,0.0,0.0
W1P2,16,10.107999999999999,19.2,29.308,3.75,0.615855421686747,25.558,0.0,0.0,6.402675899049157,0.0,0.0
W1P2,17,6.3839999999999995,9.6,15.983999999999998,3.1398,0.3094987951807228,12.844199999999997,0.0,0.0,6.389870547251059,0.0,0.0
W1P2,18,6.428000000000001,3.2,9.628,2.61,0.16910843373493978,7.018000000000001,0.0,0.0,6.3770908061565565,0.0,0.0
W1P2,19,5.736,0.0,5.736,2.1198,0.1,4.15,0.0,0.5338000000000007,5.771225513433132,0.0,0.0
W1P2,20,3.752,0.0,3.752,1.8599999999999999,0.1,4.15,0.0,2.2580000000000005,3.250794173517377,0.0,0.0
W1P2,21,3.6919999999999997,0.0,3.6919999999999997,1.6301999999999999,0.1,4.15,0.0,2.0882000000000005,0.9240703629481191,0.0,0.0
W1P2,22,4.88,0.0,4.88,1.56,0.1,4.15,0.0,0.8300000000000005,0.0,0.0,0.0
W1P2,23,3.1919999999999997,0.0,3.1919999999999997,1.4802,0.0,0.0,1.7117999999999998,0.0,1.5406199999999999,0.0,0.0
W1P3,0,9.776,0.0,9.776,1.3698000000000001,0.20255903614457832,8.4062,0.0,0.0,1.53753876,0.0,0.0
W1P3,1,10.904,0.0,10.904,1.0997999999999999,0.2362457831325301,9.8042,0.0,0.0,1.53446368248,0.0,0.0
W1P3,2,15.152000000000001,0.0,15.152000000000001,0.7998000000000001,0.3458361445783133,14.352200000000002,0.0,0.0,1.53139475511504,0.0,0.0
W1P3,3,13.312,0.0,13.312,0.99,0.2969156626506024,12.322,0.0,0.0,1.52833196560481,0.0,0.0
W1P3,4,15.072000000000001,0.0,15.072000000000001,1.1802000000000001,0.3347421686746988,13.8918,0.0,0.0,1.5252753016736005,0.0,0.0
W1P3,5,18.724,0.0,18.724,1.6301999999999999,0.4118987951807229,17.0938,0.0,0.0,1.5222247510702533,0.0,0.0
W1P3,6,9.628,0.0,9.628,2.5002,0.1717542168674699,7.127800000000001,0.0,0.0,1.519180301568113,0.0,0.0
W1P3,7,22.804000000000002,1.28,24.084000000000003,3.3701999999999996,0.49912771084337354,20.713800000000003,0.0,0.0,1.5161419409649766,0.0,0.0
W1P3,8,17.852,3.2,21.052,4.0098,0.410655421686747,17.0422,0.0,0.0,1.5131096570830467,0.0,0.0
W1P3,9,14.328000000000001,5.12,19.448,4.199999999999999,0.367421686746988,15.248000000000001,0.0,0.0,1.5100834377688805,0.0,0.0
W1P3,10,11.904,7.68,19.584,4.1202,0.3726216867469879,15.463799999999999,0.0,0.0,1.5070632708933427,0.0,0.0
W1P3,11,7.736,11.52,19.256,3.9000000000000004,0.3700240963855422,15.356,0.0,0.0,1.504049144351556,0.0,0.0
W1P3,12,8.556000000000001,14.08,22.636000000000003,3.2598000000000003,0.4668963855421688,19.376200000000004,0.0,0.0,1.501041046062853,0.0,0.0
W1P3,13,14.52,14.08,28.6,2.6898,0.6243421686746988,25.9102,0.0,0.0,1.4980389639707272,0.0,0.0
W1P3,14,6.707999999999999,11.52,18.227999999999998,3.63,0.35175903614457826,14.597999999999997,0.0,0.0,1.4950428860427858,0.0,0.0
W1P3,15,11.175999999999998,7.04,18.215999999999998,3.8202000000000003,0.34688674698795174,14.395799999999998,0.0,0.0,1.4920528002707003,0.0,0.0
W1P3,16,10.107999999999999,5.12,15.227999999999998,3.75,0.276578313253012,11.477999999999998,0.0,0.0,1.489068694670159,0.0,0.0
W1P3,17,6.3839999999999995,3.2,9.584,3.1398,0.15528192771084337,6.4441999999999995,0.0,0.0,1.4860905572808187,0.0,0.0
W1P3,18,6.428000000000001,1.28,7.708000000000001,2.61,0.10502848433286753,4.358682099814002,0.7393179001859986,0.0,2.148504486333656,0.0,0.0
W1P3,19,5.736,0.0,5.736,2.1198,0.1,4.15,0.0,0.5338000000000007,1.5510963662498767,0.0,0.0
W1P3,20,3.752,0.0,3.752,1.8599999999999999,0.0,0.0,1.892,0.0,3.250794173517377,0.0,0.0
W1P3,21,3.6919999999999997,0.0,3.6919999999999997,1.6301999999999999,0.1,4.15,0.0,2.0882000000000005,0.9240703629481191,0.0,0.0
W1P3,22,4.88,0.0,4.88,1.56,0.1,4.15,0.0,0.8300000000000005,0.0,0.0,0.0
W1P3,23,3.1919999999999997,0.0,3.1919999999999997,1.4802,0.0,0.0,1.7117999999999998,0.0,1.5406199999999999,0.0,0.0
W1P4,0,9.776,0.0,9.776,1.3698000000000001,0.20255903614457832,8.4062,0.0,0.0,2.039818467527793,0.0,0.0
W1P4,1,10.904,0.0,10.904,1.0997999999999999,0.2362457831325301,9.8042,0.0,0.0,2.035738830592737,0.0,0.0
W1P4,2,15.152000000000001,0.0,15.152000000000001,0.7998000000000001,0.3458361445783133,14.352200000000002,0.0,0.0,2.0316673529315517,0.0,0.0
W1P4,3,13.312,0.0,13.312,0.99,0.2969156626506024,12.322,0.0,0.0,2.0276040182256887,0.0,0.0
W1P4,4,15.072000000000001,0.0,15.072000000000001,1.1802000000000001,0.3347421686746988,13.8918,0.0,0.0,2.0235488101892374,0.0,0.0
W1P4,5,18.724,0.0,18.724,1.6301999999999999,0.4118987951807229,17.0938,0.0,0.0,2.019501712568859,0.0,0.0
W1P4,6,9.628,0.0,9.628,2.5002,0.1717542168674699,7.127800000000001,0.0,0.0,2.0154627091437214,0.0,0.0
W1P4,7,22.804000000000002,0.0,22.804000000000002,3.3701999999999996,0.4682843373493976,19.4338,0.0,0.0,2.011431783725434,0.0,0.0
W1P4,8,17.852,0.0,17.852,4.0098,0.3335469879518072,13.842199999999998,0.0,0.0,2.007408920157983,0.0,0.0
W1P4,9,14.328000000000001,0.0,14.328000000000001,4.199999999999999,0.2440481927710844,10.128000000000002,0.0,0.0,2.003394102317667,0.0,0.0
W1P4,10,11.904,0.0,11.904,4.1202,0.18756144578313252,7.783799999999999,0.0,0.0,1.9993873141130316,0.0,0.0
W1P4,11,7.736,1.28,9.016,3.9000000000000004,0.12327710843373493,5.116,0.0,0.0,1.9953885394848054,0.0,0.0
W1P4,12,8.556000000000001,5.12,13.676000000000002,3.2598000000000003,0.2509927710843374,10.416200000000002,0.0,0.0,1.9913977624058359,0.0,0.0
W1P4,13,14.52,7.68,22.2,2.6898,0.4701253012048192,19.510199999999998,0.0,0.0,1.9874149668810241,0.0,0.0
W1P4,14,6.707999999999999,5.12,11.828,3.63,0.19754216867469881,8.198,0.0,0.0,1.983440136947262,0.0,0.0
W1P4,15,11.175999999999998,1.28,12.455999999999998,3.8202000000000003,0.2080915662650602,8.635799999999998,0.0,0.0,1.9794732566733675,0.0,0.0
W1P4,16,10.107999999999999,0.0,10.107999999999999,3.75,0.1532048192771084,6.357999999999999,0.0,0.0,1.9755143101600208,0.0,0.0
W1P4,17,6.3839999999999995,0.0,6.3839999999999995,3.1398,0.1,4.15,0.0,0.905800000000001,0.965118837095255,0.0,0.0
W1P4,18,6.428000000000001,0.0,6.428000000000001,2.61,0.1,4.15,0.0,0.3319999999999994,0.5942997105321762,0.0,0.0
W1P4,19,5.736,0.0,5.736,2.1198,0.1,4.15,0.0,0.5338000000000007,0.0,0.0,0.0
W1P4,20,3.752,0.0,3.752,1.8599999999999999,0.0,0.0,1.892,0.0,1.7027999999999999,0.0,0.0
W1P4,21,3.6919999999999997,0.0,3.6919999999999997,1.6301999999999999,0.0,0.0,2.0618,0.0,3.5550143999999997,0.0,0.0
W1P4,22,4.88,0.0,4.88,1.56,0.14600598918638885,6.059248551235138,0.0,2.739248551235138,0.504294869827624,0.0,0.0
W1P4,23,3.1919999999999997,0.0,3.1919999999999997,1.4802,0.0,0.0,1.7117999999999998,0.0,2.0439062800879686,0.0,0.0
W2P1,0,5.312,0.0,5.312,1.3698000000000001,0.1,4.15,0.0,0.2078000000000002,-0.0,0.0,0.0
W2P1,1,8.5,0.0,8.5,1.0997999999999999,0.17831807228915664,7.400200000000001,0.0,0.0,-0.0,0.0,0.0
W2P1,2,9.379999999999999,0.0,9.379999999999999,0.7998000000000001,0.20675180722891565,8.5802,0.0,0.0,-0.0,0.0,0.0
W2P1,3,10.304,0.0,10.304,0.99,0.22443373493975904,9.314,0.0,0.0,-0.0,0.0,0.0
W2P1,4,9.9,0.0,9.9,1.1802000000000001,0.21011566265060239,8.7198,0.0,0.0,-0.0,0.0,0.0
W2P1,5,9.62,0.0,9.62,1.6301999999999999,0.19252530120481925,7.989799999999999,0.0,0.0,-0.0,0.0,0.0
W2P1,6,9.14,14.08,23.22,2.5002,0.49927228915662647,20.7198,0.0,0.0,0.0,0.0,0.0
W2P1,7,7.640000000000001,25.6,33.24,3.3701999999999996,0.7197542168674699,29.8698,0.0,-0.0,0.0,0.0,0.0
W2P1,8,4.748,37.12,41.867999999999995,4.0098,0.91224578313253,37.8582,0.0,-0.0,0.0,0.0,0.0
W2P1,9,4.859999999999999,46.08,50.94,4.199999999999999,1.0,41.5,5.239999999999995,0.0,4.715999999999996,0.0,0.0
W2P1,10,5.335999999999999,52.48,57.815999999999995,4.1202,1.0,41.5,12.195799999999998,0.0,15.682787999999995,0.0,0.0
W2P1,11,4.292,55.04,59.332,3.9000000000000004,1.0,41.5,13.932000000000002,0.0,28.190222423999998,0.0,0.0
W2P1,12,4.168,56.32,60.488,3.2598000000000003,1.0,41.5,15.728200000000001,0.0,42.289221979152,0.0,0.0
W2P1,13,6.787999999999999,56.32,63.108,2.6898,1.0,41.5,18.9182,0.0,59.2310235351937,0.0,0.0
W2P1,14,8.364,52.48,60.843999999999994,3.63,1.0,41.5,15.713999999999992,0.0,73.2551614881233,0.0,0.0
W2P1,15,8.404,44.8,53.20399999999999,3.8202000000000003,1.0,41.5,7.883799999999994,0.0,80.20407116514706,0.0,0.0
W2P1,16,5.896,33.28,39.176,3.75,1.0,41.5,0.0,6.073999999999998,73.29477413392787,0.0,0.0
W2P1,17,6.6080000000000005,24.32,30.928,3.1398,1.0,41.5,0.0,13.7118,57.91285125232668,0.0,0.0
W2P1,18,6.252,11.52,17.772,2.61,1.0,41.5,0.0,26.338,28.532581105377584,0.0,0.0
W2P1,19,4.312,0.0,4.312,2.1198,0.43915149329596076,18.224786971782372,0.0,16.032586971782372,10.661530418964194,0.0,0.0
W2P1,20,2.3280000000000003,0.0,2.3280000000000003,1.8599999999999999,0.1,4.15,0.0,3.682,6.549096247015155,0.0,0.0
W2P1,21,1.492,0.0,1.492,1.6301999999999999,0.0,0.0,0.0,0.13819999999999988,6.3824424989655695,0.0,0.0
W2P1,22,2.124,0.0,2.124,1.56,0.1,4.15,0.0,3.5860000000000003,2.385233169523193,0.0,0.0
W2P1,23,3.6959999999999997,0.0,3.6959999999999997,1.4802,0.1,4.15,0.0,1.9342000000000006,0.23135159207303518,0.0,0.0
W2P2,0,5.312,0.0,5.312,1.3698000000000001,0.1,4.15,0.0,0.2078000000000002,-0.0,0.0,0.0
W2P2,1,8.5,0.0,8.5,1.0997999999999999,0.17831807228915664,7.400200000000001,0.0,0.0,-0.0,0.0,0.0
W2P2,2,9.379999999999999,0.0,9.379999999999999,0.7998000000000001,0.20675180722891565,8.5802,0.0,0.0,0.0,0.0,0.0
W2P2,3,10.304,0.0,10.304,0.99,0.22443373493975904,9.314,0.0,-0.0,-0.0,0.0,0.0
W2P2,4,9.9,0.0,9.9,1.1802000000000001,0.21011566265060239,8.7198,0.0,0.0,-0.0,0.0,0.0
W2P2,5,9.62,0.0,9.62,1.6301999999999999,0.19252530120481925,7.989799999999999,0.0,0.0,-0.0,0.0,0.0
W2P2,6,9.14,0.0,9.14,2.5002,0.1599951807228916,6.639800000000001,0.0,0.0,-0.0,0.0,0.0
W2P2,7,7.640000000000001,3.2,10.84,3.3701999999999996,0.17999518072289158,7.469800000000001,0.0,0.0,0.0,0.0,0.0
W2P2,8,4.748,10.88,15.628,4.0098,0.2799566265060241,11.6182,0.0,-0.0,0.0,0.0,0.0
W2P2,9,4.859999999999999,17.92,22.78,4.199999999999999,0.44771084337349404,18.580000000000002,0.0,-0.0,-0.0,0.0,0.0
W2P2,10,5.335999999999999,24.96,30.296,4.1202,0.6307421686746988,26.1758,0.0,0.0,0.0,0.0,0.0
W2P2,11,4.292,31.36,35.652,3.9000000000000004,0.7651084337349399,31.752000000000006,0.0,-0.0,0.0,0.0,0.0
W2P2,12,4.168,35.84,40.008,3.2598000000000003,0.8854987951807229,36.748200000000004,0.0,-0.0,0.0,0.0,0.0
W2P2,13,6.787999999999999,37.12,43.907999999999994,2.6898,0.9932096385542167,41.218199999999996,0.0,-0.0,0.0,0.0,0.0
W2P2,14,8.364,32.0,40.364000000000004,3.63,0.8851566265060241,36.734,0.0,-0.0,-0.0,0.0,0.0
W2P2,15,8.404,25.6,34.004000000000005,3.8202000000000003,0.7273204819277109,30.183800000000005,0.0,0.0,-0.0,0.0,0.0
W2P2,16,5.896,19.2,25.096,3.75,0.5143614457831326,21.346000000000004,0.0,0.0,-0.0,0.0,0.0
W2P2,17,6.6080000000000005,9.6,16.208,3.1398,0.3148963855421686,13.068199999999996,0.0,0.0,-0.0,0.0,0.0
W2P2,18,6.252,3.2,9.452,2.61,0.16486746987951809,6.8420000000000005,0.0,0.0,0.0,0.0,0.0
W2P2,19,4.312,0.0,4.312,2.1198,0.0,0.0,2.1922,0.0,1.9729800000000002,0.0,0.0
W2P2,20,2.3280000000000003,0.0,2.3280000000000003,1.8599999999999999,0.0,0.0,0.4680000000000004,0.0,2.3902340400000006,0.0,0.0
W2P2,21,1.492,0.0,1.492,1.6301999999999999,0.0,0.0,0.0,0.13819999999999988,2.2318980163644455,0.0,0.0
W2P2,22,2.124,0.0,2.124,1.56,0.0,0.0,0.5640000000000001,0.0,2.7350342203317166,0.0,0.0
W2P2,23,3.6959999999999997,0.0,3.6959999999999997,1.4802,0.10757087479123413,4.464191303836216,0.0,2.2483913038362164,0.23135159207303518,0.0,0.0
W2P3,0,5.312,0.0,5.312,1.3698000000000001,0.1,4.15,0.0,0.2078000000000002,0.23913278183521716,0.0,0.0
W2P3,1,8.5,0.0,8.5,1.0997999999999999,0.17831807228915664,7.400200000000001,0.0,0.0,0.23865451627154674,0.0,0.0
W2P3,2,9.379999999999999,0.0,9.379999999999999,0.7998000000000001,0.20675180722891565,8.5802,0.0,0.0,0.23817720723900365,0.0,0.0
W2P3,3,10.304,0.0,10.304,0.99,0.22443373493975904,9.314,0.0,0.0,0.23770085282452563,0.0,0.0
W2P3,4,9.9,0.0,9.9,1.1802000000000001,0.21011566265060239,8.7198,0.0,0.0,0.23722545111887658,0.0,0.0
W2P3,5,9.62,0.0,9.62,1.6301999999999999,0.19252530120481925,7.989799999999999,0.0,0.0,0.23675100021663883,0.0,0.0
W2P3,6,9.14,0.0,9.14,2.5002,0.1599951807228916,6.639800000000001,0.0,0.0,0.23627749821620556,0.0,0.0
W2P3,7,7.640000000000001,1.28,8.92,3.3701999999999996,0.13373012048192773,5.5498,0.0,0.0,0.23580494321977313,0.0,0.0
W2P3,8,4.748,3.2,7.948,4.0098,0.1,4.15,0.0,0.2118000000000002,-0.0,0.0,0.0
W2P3,9,4.859999999999999,5.12,9.98,4.199999999999999,0.13927710843373498,5.780000000000001,0.0,0.0,-0.0,0.0,0.0
W2P3,10,5.335999999999999,7.68,13.015999999999998,4.1202,0.21435662650602405,8.895799999999998,0.0,0.0,-0.0,0.0,0.0
W2P3,11,4.292,11.52,15.812,3.9000000000000004,0.2870361445783132,11.911999999999999,0.0,0.0,-0.0,0.0,0.0
W2P3,12,4.168,14.08,18.248,3.2598000000000003,0.36116144578313253,14.988199999999999,0.0,0.0,-0.0,0.0,0.0
W2P3,13,6.787999999999999,14.08,20.868,2.6898,0.4380289156626505,18.178199999999997,0.0,0.0,-0.0,0.0,0.0
W2P3,14,8.364,11.52,19.884,3.63,0.3916626506024097,16.254,0.0,0.0,-0.0,0.0,0.0
W2P3,15,8.404,7.04,15.443999999999999,3.8202000000000003,0.2800915662650602,11.6238,0.0,0.0,-0.0,0.0,0.0
W2P3,16,5.896,5.12,11.016,3.75,0.1750843373493976,7.266,0.0,0.0,-0.0,0.0,0.0
W2P3,17,6.6080000000000005,3.2,9.808,3.1398,0.16067951807228914,6.6682,0.0,0.0,-0.0,0.0,0.0
W2P3,18,6.252,1.28,7.532,2.61,0.11860240963855423,4.922000000000001,0.0,0.0,0.0,0.0,0.0
W2P3,19,4.312,0.0,4.312,2.1198,0.0,0.0,2.1922,0.0,1.9729800000000002,0.0,0.0
W2P3,20,2.3280000000000003,0.0,2.3280000000000003,1.8599999999999999,0.0,0.0,0.4680000000000004,0.0,2.3902340400000006,0.0,0.0
W2P3,21,1.492,0.0,1.492,1.6301999999999999,0.0,0.0,0.0,0.13819999999999988,2.2318980163644455,0.0,0.0
W2P3,22,2.124,0.0,2.124,1.56,0.0,0.0,0.5640000000000001,0.0,2.7350342203317166,0.0,0.0
W2P3,23,3.6959999999999997,0.0,3.6959999999999997,1.4802,0.10237446984515654,4.2485404985739965,0.0,2.0327404985739963,0.4709635979199462,0.0,0.0
W2P4,0,5.312,0.0,5.312,1.3698000000000001,0.1,4.15,0.0,0.2078000000000002,-0.0,0.0,0.0
W2P4,1,8.5,0.0,8.5,1.0997999999999999,0.17831807228915664,7.400200000000001,0.0,0.0,-0.0,0.0,0.0
W2P4,2,9.379999999999999,0.0,9.379999999999999,0.7998000000000001,0.20675180722891565,8.5802,0.0,0.0,-0.0,0.0,0.0
W2P4,3,10.304,0.0,10.304,0.99,0.22443373493975904,9.314,0.0,0.0,-0.0,0.0,0.0
W2P4,4,9.9,0.0,9.9,1.1802000000000001,0.21011566265060239,8.7198,0.0,0.0,-0.0,0.0,0.0
W2P4,5,9.62,0.0,9.62,1.6301999999999999,0.19252530120481925,7.989799999999999,0.0,0.0,-0.0,0.0,0.0
W2P4,6,9.14,0.0,9.14,2.5002,0.1599951807228916,6.639800000000001,0.0,0.0,-0.0,0.0,0.0
W2P4,7,7.640000000000001,0.0,7.640000000000001,3.3701999999999996,0.10288674698795183,4.269800000000001,0.0,0.0,0.0,0.0,0.0
W2P4,8,4.748,0.0,4.748,4.0098,0.0,0.0,0.7382,0.0,0.66438,0.0,0.0
W2P4,9,4.859999999999999,0.0,4.859999999999999,4.199999999999999,0.0,0.0,0.6600000000000001,0.0,1.25705124,0.0,0.0
W2P4,10,5.335999999999999,0.0,5.335999999999999,4.1202,0.0,0.0,1.2157999999999998,0.0,2.34875713752,0.0,0.0
W2P4,11,4.292,1.28,5.572,3.9000000000000004,0.0,0.0,1.6719999999999997,0.0,3.8488596232449597,0.0,0.0
W2P4,12,4.168,5.12,9.288,3.2598000000000003,0.15089964413373894,6.262335231550166,0.0,0.23413523155016613,3.5810116467205075,0.0,0.0
W2P4,13,6.787999999999999,7.68,14.468,2.6898,0.28381204819277106,11.778199999999998,0.0,0.0,3.5738496234270665,0.0,0.0
W2P4,14,8.364,5.12,13.484000000000002,3.63,0.23744578313253017,9.854000000000003,0.0,0.0,3.5667019241802125,0.0,0.0
W2P4,15,8.404,1.28,9.684,3.8202000000000003,0.14129638554216867,5.8637999999999995,0.0,0.0,3.559568520331852,0.0,0.0
W2P4,16,5.896,0.0,5.896,3.75,0.1,4.15,0.0,2.0040000000000004,1.325782716624521,0.0,0.0
W2P4,17,6.6080000000000005,0.0,6.6080000000000005,3.1398,0.1,4.15,0.0,0.6818,0.5655755956357164,0.0,0.0
W2P4,18,6.252,0.0,6.252,2.61,0.1,4.15,0.0,0.5080000000000005,0.0,0.0,0.0
W2P4,19,4.312,0.0,4.312,2.1198,0.0,0.0,2.1922,0.0,1.9729800000000002,0.0,0.0
W2P4,20,2.3280000000000003,0.0,2.3280000000000003,1.8599999999999999,0.0,0.0,0.4680000000000004,0.0,2.3902340400000006,0.0,0.0
W2P4,21,1.492,0.0,1.492,1.6301999999999999,0.0,0.0,0.0,0.13819999999999988,2.2318980163644455,0.0,0.0
W2P4,22,2.124,0.0,2.124,1.56,0.0,0.0,0.5640000000000001,0.0,2.7350342203317166,0.0,0.0
W2P4,23,3.6959999999999997,0.0,3.6959999999999997,1.4802,0.10757087479123413,4.464191303836216,0.0,2.2483913038362164,0.23135159207303518,0.0,0.0
W3P1,0,11.904,0.0,11.904,1.3698000000000001,0.25383614457831327,10.5342,0.0,0.0,0.0,0.0,0.0
W3P1,1,13.384,0.0,13.384,1.0997999999999999,0.2960048192771084,12.2842,0.0,-0.0,-0.0,0.0,0.0
W3P1,2,14.268,0.0,14.268,0.7998000000000001,0.3245349397590362,13.468200000000001,0.0,0.0,-0.0,0.0,0.0
W3P1,3,15.72,0.0,15.72,0.99,0.3549397590361446,14.73,0.0,0.0,-0.0,0.0,0.0
W3P1,4,15.088,0.0,15.088,1.1802000000000001,0.33512771084337345,13.907799999999998,0.0,0.0,-0.0,0.0,0.0
W3P1,5,13.475999999999999,0.0,13.475999999999999,1.6301999999999999,0.28544096385542167,11.845799999999999,0.0,0.0,-0.0,0.0,0.0
W3P1,6,13.832,14.08,27.912,2.5002,0.6123325301204819,25.4118,0.0,0.0,0.0,0.0,0.0
W3P1,7,12.76,25.6,38.36,3.3701999999999996,0.8431277108433736,34.9898,0.0,-0.0,0.0,0.0,0.0
W3P1,8,10.712,37.12,47.831999999999994,4.0098,1.0,41.5,2.322199999999995,0.0,2.0899799999999957,0.0,0.0
W3P1,9,11.916,46.08,57.995999999999995,4.199999999999999,1.0,41.5,12.295999999999992,0.0,13.152200039999988,0.0,0.0
W3P1,10,8.804,52.48,61.284,4.1202,1.0,41.5,15.663800000000002,0.0,27.22331563991999,0.0,0.0
W3P1,11,9.3,55.04,64.34,3.9000000000000004,1.0,41.5,18.940000000000005,0.0,44.21486900864015,0.0,0.0
W3P1,12,9.012,56.32,65.332,3.2598000000000003,1.0,41.5,20.572199999999995,0.0,62.64141927062286,0.0,0.0
W3P1,13,10.704,56.32,67.024,2.6898,1.0,41.5,22.834199999999996,0.0,83.06691643208161,0.0,0.0
W3P1,14,10.604,52.48,63.083999999999996,3.63,1.0,41.5,17.953999999999994,0.0,99.05938259921744,0.0,0.0
W3P1,15,14.552,44.8,59.352,3.8202000000000003,1.0,41.5,14.031799999999997,0.0,111.48988383401901,0.0,0.0
W3P1,16,13.724,33.28,47.004000000000005,3.75,1.0,41.5,1.7540000000000049,0.0,112.84550406635098,0.0,0.0
W3P1,17,12.347999999999999,24.32,36.668,3.1398,1.0,41.5,0.0,7.971800000000002,103.76225750266272,0.0,0.0
W3P1,18,12.152000000000001,11.52,23.672,2.61,1.0,41.5,0.0,20.438,80.8458440987685,0.0,0.0
W3P1,19,9.236,0.0,9.236,2.1198,1.0,41.5,0.0,34.3838,42.47993018834873,0.0,0.0
W3P1,20,7.228,0.0,7.228,1.8599999999999999,1.0,41.5,0.0,36.132,2.248303661305364,0.0,0.0
W3P1,21,6.252,0.0,6.252,1.6301999999999999,0.16002955056830068,6.641226348584478,0.0,2.019426348584478,0.0,0.0,0.0
W3P1,22,6.452,0.0,6.452,1.56,0.11787951807228915,4.8919999999999995,0.0,-0.0,-0.0,0.0,0.0
W3P1,23,7.972,0.0,7.972,1.4802,0.1564289156626506,6.4918,0.0,0.0,-0.0,0.0,0.0
W3P2,0,11.904,0.0,11.904,1.3698000000000001,0.25383614457831327,10.5342,0.0,0.0,0.0,0.0,0.0
W3P2,1,13.384,0.0,13.384,1.0997999999999999,0.2960048192771084,12.2842,0.0,-0.0,-0.0,0.0,0.0
W3P2,2,14.268,0.0,14.268,0.7998000000000001,0.3245349397590362,13.468200000000001,0.0,0.0,-0.0,0.0,0.0
W3P2,3,15.72,0.0,15.72,0.99,0.3549397590361446,14.73,0.0,0.0,-0.0,0.0,0.0
W3P2,4,15.088,0.0,15.088,1.1802000000000001,0.33512771084337345,13.907799999999998,0.0,0.0,-0.0,0.0,0.0
W3P2,5,13.475999999999999,0.0,13.475999999999999,1.6301999999999999,0.28544096385542167,11.845799999999999,0.0,0.0,-0.0,0.0,0.0
W3P2,6,13.832,0.0,13.832,2.5002,0.273055421686747,11.331800000000001,0.0,0.0,-0.0,0.0,0.0
W3P2,7,12.76,3.2,15.96,3.3701999999999996,0.3033686746987952,12.5898,0.0,0.0,0.0,0.0,0.0
W3P2,8,10.712,10.88,21.592,4.0098,0.4236674698795181,17.5822,0.0,-0.0,-0.0,0.0,0.0
W3P2,9,11.916,17.92,29.836000000000002,4.199999999999999,0.6177349397590363,25.636000000000006,0.0,0.0,-0.0,0.0,0.0
W3P2,10,8.804,24.96,33.764,4.1202,0.7143084337349398,29.643800000000002,0.0,0.0,-0.0,0.0,0.0
W3P2,11,9.3,31.36,40.66,3.9000000000000004,0.8857831325301204,36.76,0.0,0.0,0.0,0.0,0.0
W3P2,12,9.012,35.84,44.852000000000004,3.2598000000000003,1.0,41.5,0.09220000000000539,0.0,0.08298000000000486,0.0,0.0
W3P2,13,10.704,37.12,47.824,2.6898,1.0,41.5,3.6342,0.0,3.353594040000005,0.0,0.0
W3P2,14,10.604,32.0,42.604,3.63,1.0,41.5,0.0,2.5260000000000034,0.5402201852533342,0.0,0.0
W3P2,15,14.552,25.6,40.152,3.8202000000000003,0.8871572474793866,36.817025770394544,0.0,0.4852257703945447,-0.0,0.0,0.0
W3P2,16,13.724,19.2,32.924,3.75,0.702987951807229,29.174000000000003,0.0,0.0,-0.0,0.0,0.0
W3P2,17,12.347999999999999,9.6,21.948,3.1398,0.45320963855421686,18.8082,0.0,0.0,-0.0,0.0,0.0
W3P2,18,12.152000000000001,3.2,15.352,2.61,0.3070361445783133,12.742000000000003,0.0,0.0,-0.0,0.0,0.0
W3P2,19,9.236,0.0,9.236,2.1198,0.17147469879518074,7.116200000000001,0.0,0.0,-0.0,0.0,0.0
W3P2,20,7.228,0.0,7.228,1.8599999999999999,0.12934939759036146,5.368,0.0,0.0,-0.0,0.0,0.0
W3P2,21,6.252,0.0,6.252,1.6301999999999999,0.11136867469879519,4.6218,0.0,0.0,-0.0,0.0,0.0
W3P2,22,6.452,0.0,6.452,1.56,0.11787951807228915,4.8919999999999995,0.0,0.0,0.0,0.0,0.0
W3P2,23,7.972,0.0,7.972,1.4802,0.1564289156626506,6.4918,0.0,-0.0,-0.0,0.0,0.0
W3P3,0,11.904,0.0,11.904,1.3698000000000001,0.25383614457831327,10.5342,0.0,0.0,-0.0,0.0,0.0
W3P3,1,13.384,0.0,13.384,1.0997999999999999,0.2960048192771084,12.2842,0.0,0.0,-0.0,0.0,0.0
W3P3,2,14.268,0.0,14.268,0.7998000000000001,0.3245349397590362,13.468200000000001,0.0,0.0,-0.0,0.0,0.0
W3P3,3,15.72,0.0,15.72,0.99,0.3549397590361446,14.73,0.0,0.0,-0.0,0.0,0.0
W3P3,4,15.088,0.0,15.088,1.1802000000000001,0.33512771084337345,13.907799999999998,0.0,0.0,0.0,0.0,0.0
W3P3,5,13.475999999999999,0.0,13.475999999999999,1.6301999999999999,0.28544096385542167,11.845799999999999,0.0,-0.0,-0.0,0.0,0.0
W3P3,6,13.832,0.0,13.832,2.5002,0.273055421686747,11.331800000000001,0.0,0.0,-0.0,0.0,0.0
W3P3,7,12.76,1.28,14.04,3.3701999999999996,0.2571036144578313,10.669799999999999,0.0,0.0,-0.0,0.0,0.0
W3P3,8,10.712,3.2,13.911999999999999,4.0098,0.23860722891566263,9.902199999999999,0.0,0.0,-0.0,0.0,0.0
W3P3,9,11.916,5.12,17.036,4.199999999999999,0.30930120481927714,12.836000000000002,0.0,0.0,-0.0,0.0,0.0
W3P3,10,8.804,7.68,16.484,4.1202,0.2979228915662651,12.363800000000003,0.0,0.0,-0.0,0.0,0.0
W3P3,11,9.3,11.52,20.82,3.9000000000000004,0.407710843373494,16.92,0.0,0.0,-0.0,0.0,0.0
W3P3,12,9.012,14.08,23.092,3.2598000000000003,0.4778843373493976,19.8322,0.0,0.0,-0.0,0.0,0.0
W3P3,13,10.704,14.08,24.784,2.6898,0.5323903614457831,22.0942,0.0,0.0,-0.0,0.0,0.0
W3P3,14,10.604,11.52,22.124,3.63,0.4456385542168675,18.494,0.0,0.0,-0.0,0.0,0.0
W3P3,15,14.552,7.04,21.592,3.8202000000000003,0.4282361445783132,17.7718,0.0,0.0,-0.0,0.0,0.0
W3P3,16,13.724,5.12,18.844,3.75,0.363710843373494,15.094000000000001,0.0,0.0,-0.0,0.0,0.0
W3P3,17,12.347999999999999,3.2,15.547999999999998,3.1398,0.2989927710843373,12.408199999999999,0.0,0.0,-0.0,0.0,0.0
W3P3,18,12.152000000000001,1.28,13.432,2.61,0.2607710843373494,10.822000000000001,0.0,0.0,-0.0,0.0,0.0
W3P3,19,9.236,0.0,9.236,2.1198,0.17147469879518074,7.116200000000001,0.0,0.0,-0.0,0.0,0.0
W3P3,20,7.228,0.0,7.228,1.8599999999999999,0.12934939759036146,5.368,0.0,0.0,-0.0,0.0,0.0
W3P3,21,6.252,0.0,6.252,1.6301999999999999,0.11136867469879519,4.6218,0.0,0.0,0.0,0.0,0.0
W3P3,22,6.452,0.0,6.452,1.56,0.11787951807228915,4.8919999999999995,0.0,-0.0,0.0,0.0,0.0
W3P3,23,7.972,0.0,7.972,1.4802,0.1564289156626506,6.4918,0.0,-0.0,-0.0,0.0,0.0
W3P4,0,11.904,0.0,11.904,1.3698000000000001,0.25383614457831327,10.5342,0.0,0.0,-0.0,0.0,0.0
W3P4,1,13.384,0.0,13.384,1.0997999999999999,0.2960048192771084,12.2842,0.0,0.0,-0.0,0.0,0.0
W3P4,2,14.268,0.0,14.268,0.7998000000000001,0.3245349397590362,13.468200000000001,0.0,0.0,0.0,0.0,0.0
W3P4,3,15.72,0.0,15.72,0.99,0.3549397590361446,14.73,0.0,-0.0,-0.0,0.0,0.0
W3P4,4,15.088,0.0,15.088,1.1802000000000001,0.33512771084337345,13.907799999999998,0.0,0.0,-0.0,0.0,0.0
W3P4,5,13.475999999999999,0.0,13.475999999999999,1.6301999999999999,0.28544096385542167,11.845799999999999,0.0,0.0,-0.0,0.0,0.0
W3P4,6,13.832,0.0,13.832,2.5002,0.273055421686747,11.331800000000001,0.0,0.0,-0.0,0.0,0.0
W3P4,7,12.76,0.0,12.76,3.3701999999999996,0.22626024096385544,9.389800000000001,0.0,0.0,-0.0,0.0,0.0
W3P4,8,10.712,0.0,10.712,4.0098,0.16149879518072288,6.7021999999999995,0.0,0.0,-0.0,0.0,0.0
W3P4,9,11.916,0.0,11.916,4.199999999999999,0.18592771084337353,7.716000000000002,0.0,0.0,-0.0,0.0,0.0
W3P4,10,8.804,0.0,8.804,4.1202,0.11286265060240966,4.683800000000001,0.0,0.0,-0.0,0.0,0.0
W3P4,11,9.3,1.28,10.58,3.9000000000000004,0.16096385542168673,6.68,0.0,0.0,-0.0,0.0,0.0
W3P4,12,9.012,5.12,14.132000000000001,3.2598000000000003,0.2619807228915663,10.872200000000003,0.0,0.0,-0.0,0.0,0.0
W3P4,13,10.704,7.68,18.384,2.6898,0.3781734939759036,15.6942,0.0,0.0,-0.0,0.0,0.0
W3P4,14,10.604,5.12,15.724,3.63,0.291421686746988,12.094000000000001,0.0,0.0,-0.0,0.0,0.0
W3P4,15,14.552,1.28,15.831999999999999,3.8202000000000003,0.2894409638554217,12.0118,0.0,0.0,-0.0,0.0,0.0
W3P4,16,13.724,0.0,13.724,3.75,0.24033734939759036,9.974,0.0,0.0,-0.0,0.0,0.0
W3P4,17,12.347999999999999,0.0,12.347999999999999,3.1398,0.22188433734939755,9.208199999999998,0.0,0.0,-0.0,0.0,0.0
W3P4,18,12.152000000000001,0.0,12.152000000000001,2.61,0.22992771084337355,9.542000000000002,0.0,0.0,-0.0,0.0,0.0
W3P4,19,9.236,0.0,9.236,2.1198,0.17147469879518074,7.116200000000001,0.0,0.0,-0.0,0.0,0.0
W3P4,20,7.228,0.0,7.228,1.8599999999999999,0.12934939759036146,5.368,0.0,0.0,-0.0,0.0,0.0
W3P4,21,6.252,0.0,6.252,1.6301999999999999,0.11136867469879519,4.6218,0.0,0.0,0.0,0.0,0.0
W3P4,22,6.452,0.0,6.452,1.56,0.11787951807228915,4.8919999999999995,0.0,-0.0,0.0,0.0,0.0
W3P4,23,7.972,0.0,7.972,1.4802,0.1564289156626506,6.4918,0.0,-0.0,-0.0,0.0,0.0
W4P1,0,13.495999999999999,0.0,13.495999999999999,1.3698000000000001,0.29219759036144577,12.126199999999999,0.0,-0.0,-0.0,0.0,0.0
W4P1,1,14.084000000000001,0.0,14.084000000000001,1.0997999999999999,0.3128722891566265,12.9842,0.0,0.0,-0.0,0.0,0.0
W4P1,2,13.091999999999999,0.0,13.091999999999999,0.7998000000000001,0.2961975903614458,12.2922,0.0,0.0,-0.0,0.0,0.0
W4P1,3,20.168,0.0,20.168,0.99,0.4621204819277109,19.178,0.0,0.0,-0.0,0.0,0.0
W4P1,4,19.276,0.0,19.276,1.1802000000000001,0.4360433734939759,18.0958,0.0,0.0,-0.0,0.0,0.0
W4P1,5,23.08,0.0,23.08,1.6301999999999999,0.5168626506024097,21.4498,0.0,0.0,0.0,0.0,0.0
W4P1,6,28.355999999999998,14.08,42.436,2.5002,0.9623084337349398,39.9358,0.0,-0.0,0.0,0.0,0.0
W4P1,7,26.36,25.6,51.96,3.3701999999999996,1.0,41.5,7.089800000000004,0.0,6.3808200000000035,0.0,0.0
W4P1,8,25.076,37.12,62.196,4.0098,1.0,41.5,16.6862,0.0,21.385638360000005,0.0,0.0
W4P1,9,22.112,46.08,68.192,4.199999999999999,1.0,41.5,22.49199999999999,0.0,41.58566708328,0.0,0.0
W4P1,10,8.995999999999999,52.48,61.476,4.1202,1.0,41.5,15.855800000000002,0.0,55.772715749113445,0.0,0.0
W4P1,11,7.652,55.04,62.692,3.9000000000000004,1.0,41.5,17.292,0.0,71.22397031761521,0.0,0.0
W4P1,12,10.815999999999999,56.32,67.136,3.2598000000000003,1.0,41.5,22.376199999999997,0.0,91.22010237697998,0.0,0.0
W4P1,13,10.952,56.32,67.272,2.6898,1.0,41.5,23.0822,0.0,111.81164217222602,0.0,0.0
W4P1,14,15.152000000000001,52.48,67.632,3.63,1.0,41.5,22.50200000000001,0.0,131.83981888788156,0.0,0.0
W4P1,15,21.66,44.8,66.46,3.8202000000000003,1.0,41.5,21.139799999999994,0.0,150.60195925010578,0.0,0.0
W4P1,16,17.16,33.28,50.44,3.75,1.0,41.5,5.189999999999998,0.0,154.97175533160555,0.0,0.0
W4P1,17,16.612000000000002,24.32,40.932,3.1398,1.0,41.5,0.0,3.707799999999999,150.54203404316456,0.0,0.0
W4P1,18,15.328,11.52,26.848,2.61,1.0,41.5,0.0,17.262,131.06094997507822,0.0,0.0
W4P1,19,9.416,0.0,9.416,2.1198,1.0,41.5,0.0,34.2038,92.79460585290583,0.0,0.0
W4P1,20,8.808,0.0,8.808,1.8599999999999999,1.0,41.5,0.0,34.552,54.2179055300889,0.0,0.0
W4P1,21,5.215999999999999,0.0,5.215999999999999,1.6301999999999999,1.0,41.5,0.0,37.9142,11.982580830139831,0.0,0.0
W4P1,22,6.151999999999999,0.0,6.151999999999999,1.56,0.3699940747381107,15.354754101631594,0.0,10.762754101631595,-0.0,0.0,0.0
W4P1,23,8.464,0.0,8.464,1.4802,0.1682843373493976,6.9838000000000005,0.0,0.0,0.0,0.0,0.0
W4P2,0,13.495999999999999,0.0,13.495999999999999,1.3698000000000001,0.29219759036144577,12.126199999999999,0.0,0.0,-0.0,0.0,0.0
W4P2,1,14.084000000000001,0.0,14.084000000000001,1.0997999999999999,0.3128722891566265,12.9842,0.0,0.0,0.0,0.0,0.0
W4P2,2,13.091999999999999,0.0,13.091999999999999,0.7998000000000001,0.2961975903614458,12.2922,0.0,-0.0,-0.0,0.0,0.0
W4P2,3,20.168,0.0,20.168,0.99,0.4621204819277109,19.178,0.0,0.0,-0.0,0.0,0.0
W4P2,4,19.276,0.0,19.276,1.1802000000000001,0.4360433734939759,18.0958,0.0,0.0,-0.0,0.0,0.0
W4P2,5,23.08,0.0,23.08,1.6301999999999999,0.5168626506024097,21.4498,0.0,0.0,-0.0,0.0,0.0
W4P2,6,28.355999999999998,0.0,28.355999999999998,2.5002,0.6230313253012048,25.8558,0.0,0.0,-0.0,0.0,0.0
W4P2,7,26.36,3.2,29.56,3.3701999999999996,0.6310795180722891,26.189799999999998,0.0,0.0,0.0,0.0,0.0
W4P2,8,25.076,10.88,35.956,4.0098,0.769787951807229,31.946200000000005,0.0,-0.0,-0.0,0.0,0.0
W4P2,9,22.112,17.92,40.032,4.199999999999999,0.8634216867469878,35.831999999999994,0.0,0.0,-0.0,0.0,0.0
W4P2,10,8.995999999999999,24.96,33.956,4.1202,0.7189349397590362,29.835800000000003,0.0,0.0,-0.0,0.0,0.0
W4P2,11,7.652,31.36,39.012,3.9000000000000004,0.8460722891566266,35.112,0.0,0.0,0.0,0.0,0.0
W4P2,12,10.815999999999999,35.84,46.656000000000006,3.2598000000000003,1.0,41.5,1.8962000000000074,0.0,1.7065800000000066,0.0,0.0
W4P2,13,10.952,37.12,48.071999999999996,2.6898,1.0,41.5,3.8821999999999974,0.0,5.197146840000005,0.0,0.0
W4P2,14,15.152000000000001,32.0,47.152,3.63,1.0,41.5,2.0219999999999985,0.0,7.006552546320004,0.0,0.0
W4P2,15,21.66,25.6,47.260000000000005,3.8202000000000003,1.0,41.5,1.9398000000000053,0.0,8.738359441227368,0.0,0.0
W4P2,16,17.16,19.2,36.36,3.75,0.9611787575783189,39.88891843950024,0.0,7.278918439500235,0.6331955673446527,0.0,0.0
W4P2,17,16.612000000000002,9.6,26.212000000000003,3.1398,0.5559566265060242,23.072200000000002,0.0,0.0,0.6319291762099634,0.0,0.0
W4P2,18,15.328,3.2,18.528,2.61,0.38356626506024094,15.918,0.0,0.0,0.6306653178575434,0.0,0.0
W4P2,19,9.416,0.0,9.416,2.1198,0.1758120481927711,7.296200000000001,0.0,0.0,0.6294039872218283,0.0,0.0
W4P2,20,8.808,0.0,8.808,1.8599999999999999,0.16742168674698796,6.948,0.0,0.0,0.6281451792473847,0.0,0.0
W4P2,21,5.215999999999999,0.0,5.215999999999999,1.6301999999999999,0.1,4.15,0.0,0.5642000000000009,-0.0,0.0,0.0
W4P2,22,6.151999999999999,0.0,6.151999999999999,1.56,0.11065060240963852,4.591999999999999,0.0,0.0,0.0,0.0,0.0
W4P2,23,8.464,0.0,8.464,1.4802,0.1682843373493976,6.9838000000000005,0.0,-0.0,-0.0,0.0,0.0
W4P3,0,13.495999999999999,0.0,13.495999999999999,1.3698000000000001,0.29219759036144577,12.126199999999999,0.0,0.0,-0.0,0.0,0.0
W4P3,1,14.084000000000001,0.0,14.084000000000001,1.0997999999999999,0.3128722891566265,12.9842,0.0,0.0,-0.0,0.0,0.0
W4P3,2,13.091999999999999,0.0,13.091999999999999,0.7998000000000001,0.2961975903614458,12.2922,0.0,0.0,-0.0,0.0,0.0
W4P3,3,20.168,0.0,20.168,0.99,0.4621204819277109,19.178,0.0,0.0,-0.0,0.0,0.0
W4P3,4,19.276,0.0,19.276,1.1802000000000001,0.4360433734939759,18.0958,0.0,0.0,-0.0,0.0,0.0
W4P3,5,23.08,0.0,23.08,1.6301999999999999,0.5168626506024097,21.4498,0.0,0.0,-0.0,0.0,0.0
W4P3,6,28.355999999999998,0.0,28.355999999999998,2.5002,0.6230313253012048,25.8558,0.0,0.0,-0.0,0.0,0.0
W4P3,7,26.36,1.28,27.64,3.3701999999999996,0.5848144578313254,24.269800000000004,0.0,0.0,-0.0,0.0,0.0
W4P3,8,25.076,3.2,28.276,4.0098,0.5847277108433735,24.2662,0.0,0.0,-0.0,0.0,0.0
W4P3,9,22.112,5.12,27.232,4.199999999999999,0.5549879518072289,23.032,0.0,0.0,-0.0,0.0,0.0
W4P3,10,8.995999999999999,7.68,16.676,4.1202,0.30254939759036137,12.555799999999996,0.0,0.0,-0.0,0.0,0.0
W4P3,11,7.652,11.52,19.172,3.9000000000000004,0.368,15.272,0.0,0.0,-0.0,0.0,0.0
W4P3,12,10.815999999999999,14.08,24.896,3.2598000000000003,0.52135421686747,21.636200000000002,0.0,0.0,-0.0,0.0,0.0
W4P3,13,10.952,14.08,25.032,2.6898,0.5383662650602409,22.342199999999995,0.0,0.0,-0.0,0.0,0.0
W4P3,14,15.152000000000001,11.52,26.672,3.63,0.5552289156626506,23.042,0.0,0.0,-0.0,0.0,0.0
W4P3,15,21.66,7.04,28.7,3.8202000000000003,0.5995132530120482,24.8798,0.0,0.0,-0.0,0.0,0.0
W4P3,16,17.16,5.12,22.28,3.75,0.44650602409638557,18.53,0.0,0.0,-0.0,0.0,0.0
W4P3,17,16.612000000000002,3.2,19.812,3.1398,0.40173975903614456,16.6722,0.0,0.0,-0.0,0.0,0.0
W4P3,18,15.328,1.28,16.608,2.61,0.3373012048192771,13.998,0.0,0.0,-0.0,0.0,0.0
W4P3,19,9.416,0.0,9.416,2.1198,0.1758120481927711,7.296200000000001,0.0,0.0,-0.0,0.0,0.0
W4P3,20,8.808,0.0,8.808,1.8599999999999999,0.15060387739632172,6.250060911947352,0.6979390880526496,0.0,0.6281451792473847,0.0,0.0
W4P3,21,5.215999999999999,0.0,5.215999999999999,1.6301999999999999,0.1,4.15,0.0,0.5642000000000009,0.0,0.0,0.0
W4P3,22,6.151999999999999,0.0,6.151999999999999,1.56,0.11065060240963852,4.591999999999999,0.0,0.0,-0.0,0.0,0.0
W4P3,23,8.464,0.0,8.464,1.4802,0.1682843373493976,6.9838000000000005,0.0,0.0,-0.0,0.0,0.0
W4P4,0,13.495999999999999,0.0,13.495999999999999,1.3698000000000001,0.29219759036144577,12.126199999999999,0.0,0.0,-0.0,0.0,0.0
W4P4,1,14.084000000000001,0.0,14.084000000000001,1.0997999999999999,0.3128722891566265,12.9842,0.0,0.0,-0.0,0.0,0.0
W4P4,2,13.091999999999999,0.0,13.091999999999999,0.7998000000000001,0.2961975903614458,12.2922,0.0,0.0,-0.0,0.0,0.0
W4P4,3,20.168,0.0,20.168,0.99,0.4621204819277109,19.178,0.0,0.0,-0.0,0.0,0.0
W4P4,4,19.276,0.0,19.276,1.1802000000000001,0.4360433734939759,18.0958,0.0,0.0,-0.0,0.0,0.0
W4P4,5,23.08,0.0,23.08,1.6301999999999999,0.5168626506024097,21.4498,0.0,0.0,-0.0,0.0,0.0
W4P4,6,28.355999999999998,0.0,28.355999999999998,2.5002,0.6230313253012048,25.8558,0.0,0.0,-0.0,0.0,0.0
W4P4,7,26.36,0.0,26.36,3.3701999999999996,0.5539710843373493,22.989799999999995,0.0,0.0,-0.0,0.0,0.0
W4P4,8,25.076,0.0,25.076,4.0098,0.5076192771084338,21.066200000000002,0.0,0.0,-0.0,0.0,0.0
W4P4,9,22.112,0.0,22.112,4.199999999999999,0.4316144578313253,17.912,0.0,0.0,-0.0,0.0,0.0
W4P4,10,8.995999999999999,0.0,8.995999999999999,4.1202,0.117489156626506,4.875799999999999,0.0,0.0,-0.0,0.0,0.0
W4P4,11,7.652,1.28,8.932,3.9000000000000004,0.12125301204819278,5.032,0.0,0.0,-0.0,0.0,0.0
W4P4,12,10.815999999999999,5.12,15.936,3.2598000000000003,0.30545060240963856,12.6762,0.0,0.0,-0.0,0.0,0.0
W4P4,13,10.952,7.68,18.631999999999998,2.6898,0.3841493975903614,15.942199999999996,0.0,0.0,-0.0,0.0,0.0
W4P4,14,15.152000000000001,5.12,20.272000000000002,3.63,0.40101204819277114,16.642000000000003,0.0,0.0,-0.0,0.0,0.0
W4P4,15,21.66,1.28,22.94,3.8202000000000003,0.4607180722891567,19.1198,0.0,0.0,-0.0,0.0,0.0
W4P4,16,17.16,0.0,17.16,3.75,0.32313253012048193,13.41,0.0,0.0,-0.0,0.0,0.0
W4P4,17,16.612000000000002,0.0,16.612000000000002,3.1398,0.32463132530120486,13.472200000000003,0.0,0.0,-0.0,0.0,0.0
W4P4,18,15.328,0.0,15.328,2.61,0.3064578313253012,12.718,0.0,0.0,-0.0,0.0,0.0
W4P4,19,9.416,0.0,9.416,2.1198,0.1758120481927711,7.296200000000001,0.0,0.0,-0.0,0.0,0.0
W4P4,20,8.808,0.0,8.808,1.8599999999999999,0.15060387739632172,6.250060911947352,0.6979390880526496,0.0,0.6281451792473847,0.0,0.0
W4P4,21,5.215999999999999,0.0,5.215999999999999,1.6301999999999999,0.1,4.15,0.0,0.5642000000000009,0.0,0.0,0.0
W4P4,22,6.151999999999999,0.0,6.151999999999999,1.56,0.11065060240963852,4.591999999999999,0.0,0.0,-0.0,0.0,0.0
W4P4,23,8.464,0.0,8.464,1.4802,0.1682843373493976,6.9838000000000005,0.0,0.0,-0.0,0.0,0.0
W5P1,0,9.776,0.0,9.776,1.3698000000000001,0.20255903614457832,8.4062,0.0,-0.0,-0.0,0.0,0.0
W5P1,1,13.5,0.0,13.5,1.0997999999999999,0.2988,12.4002,0.0,0.0,-0.0,0.0,0.0
W5P1,2,15.392,0.0,15.392,0.7998000000000001,0.3516192771084337,14.592199999999998,0.0,0.0,-0.0,0.0,0.0
W5P1,3,13.312,0.0,13.312,0.99,0.2969156626506024,12.322,0.0,0.0,-0.0,0.0,0.0
W5P1,4,15.144,0.0,15.144,1.1802000000000001,0.3364771084337349,13.963799999999999,0.0,0.0,-0.0,0.0,0.0
W5P1,5,14.315999999999999,0.0,14.315999999999999,1.6301999999999999,0.30568192771084335,12.685799999999999,0.0,0.0,0.0,0.0,0.0
W5P1,6,17.852,14.08,31.932000000000002,2.5002,0.7092,29.431800000000003,0.0,-0.0,0.0,0.0,0.0
W5P1,7,9.628,25.6,35.228,3.3701999999999996,0.7676578313253012,31.8578,0.0,-0.0,0.0,0.0,0.0
W5P1,8,22.324,37.12,59.444,4.0098,1.0,41.5,13.934200000000004,0.0,12.540780000000003,0.0,0.0
W5P1,9,20.928,46.08,67.008,4.199999999999999,1.0,41.5,21.307999999999993,0.0,31.69289844,0.0,0.0
W5P1,10,15.995999999999999,52.48,68.476,4.1202,1.0,41.5,22.855800000000002,0.0,52.19973264312,0.0,0.0
W5P1,11,14.328000000000001,55.04,69.368,3.9000000000000004,1.0,41.5,23.96799999999999,0.0,73.66653317783374,0.0,0.0
W5P1,12,12.74,56.32,69.06,3.2598000000000003,1.0,41.5,24.300200000000004,0.0,95.38938011147808,0.0,0.0
W5P1,13,12.812,56.32,69.132,2.6898,1.0,41.5,24.9422,0.0,117.64658135125512,0.0,0.0
W5P1,14,8.256,52.48,60.736,3.63,1.0,41.5,15.605999999999995,0.0,131.45668818855262,0.0,0.0
W5P1,15,8.556000000000001,44.8,53.355999999999995,3.8202000000000003,1.0,41.5,8.035799999999995,0.0,138.4259948121755,0.0,0.0
W5P1,16,15.664,33.28,48.944,3.75,1.0,41.5,3.6940000000000026,0.0,141.47374282255115,0.0,0.0
W5P1,17,8.372,24.32,32.692,3.1398,1.0,41.5,0.0,11.9478,127.9154620035727,0.0,0.0
W5P1,18,7.872,11.52,19.392,2.61,1.0,41.5,0.0,24.718,100.1951866351211,0.0,0.0
W5P1,19,11.175999999999998,0.0,11.175999999999998,2.1198,1.0,41.5,0.0,32.4438,63.946129595184196,0.0,0.0
W5P1,20,9.884,0.0,9.884,1.8599999999999999,1.0,41.5,0.0,33.476,26.62268178043827,0.0,0.0
W5P1,21,9.02,0.0,9.02,1.6301999999999999,0.754272115064811,31.302292775189656,0.0,23.912492775189655,0.0,0.0,0.0
W5P1,22,6.204,0.0,6.204,1.56,0.11190361445783133,4.644,0.0,-0.0,-0.0,0.0,0.0
W5P1,23,16.928,0.0,16.928,1.4802,0.3722361445783133,15.4478,0.0,0.0,0.0,0.0,0.0
W5P2,0,9.776,0.0,9.776,1.3698000000000001,0.20255903614457832,8.4062,0.0,-0.0,-0.0,0.0,0.0
W5P2,1,13.5,0.0,13.5,1.0997999999999999,0.2988,12.4002,0.0,0.0,0.0,0.0,0.0
W5P2,2,15.392,0.0,15.392,0.7998000000000001,0.3516192771084337,14.592199999999998,0.0,-0.0,-0.0,0.0,0.0
W5P2,3,13.312,0.0,13.312,0.99,0.2969156626506024,12.322,0.0,0.0,-0.0,0.0,0.0
W5P2,4,15.144,0.0,15.144,1.1802000000000001,0.3364771084337349,13.963799999999999,0.0,0.0,-0.0,0.0,0.0
W5P2,5,14.315999999999999,0.0,14.315999999999999,1.6301999999999999,0.30568192771084335,12.685799999999999,0.0,0.0,-0.0,0.0,0.0
W5P2,6,17.852,0.0,17.852,2.5002,0.36992289156626507,15.3518,0.0,0.0,-0.0,0.0,0.0
W5P2,7,9.628,3.2,12.828,3.3701999999999996,0.22789879518072287,9.457799999999999,0.0,0.0,0.0,0.0,0.0
W5P2,8,22.324,10.88,33.204,4.0098,0.7034746987951808,29.194200000000002,0.0,-0.0,0.0,0.0,0.0
W5P2,9,20.928,17.92,38.848,4.199999999999999,0.8348915662650601,34.647999999999996,0.0,-0.0,-0.0,0.0,0.0
W5P2,10,15.995999999999999,24.96,40.956,4.1202,0.887609638554217,36.835800000000006,0.0,0.0,0.0,0.0,0.0
W5P2,11,14.328000000000001,31.36,45.688,3.9000000000000004,1.0,41.5,0.2880000000000038,0.0,0.2592000000000034,0.0,0.0
W5P2,12,12.74,35.84,48.580000000000005,3.2598000000000003,1.0,41.5,3.820200000000007,0.0,3.69686160000001,0.0,0.0
W5P2,13,12.812,37.12,49.931999999999995,2.6898,1.0,41.5,5.742199999999997,0.0,8.857447876800007,0.0,0.0
W5P2,14,8.256,32.0,40.256,3.63,1.0,41.5,0.0,4.874000000000002,3.424177425490848,0.0,0.0
W5P2,15,8.556000000000001,25.6,34.156000000000006,3.8202000000000003,0.8050938834596599,33.41139616357589,0.0,3.0755961635758795,-0.0,0.0,0.0
W5P2,16,15.664,19.2,34.864,3.75,0.749734939759036,31.113999999999997,0.0,0.0,-0.0,0.0,0.0
W5P2,17,8.372,9.6,17.972,3.1398,0.35740240963855424,14.8322,0.0,0.0,-0.0,0.0,0.0
W5P2,18,7.872,3.2,11.072,2.61,0.2039036144578313,8.462,0.0,0.0,-0.0,0.0,0.0
W5P2,19,11.175999999999998,0.0,11.175999999999998,2.1198,0.21822168674698791,9.056199999999999,0.0,0.0,-0.0,0.0,0.0
W5P2,20,9.884,0.0,9.884,1.8599999999999999,0.19334939759036146,8.024000000000001,0.0,0.0,-0.0,0.0,0.0
W5P2,21,9.02,0.0,9.02,1.6301999999999999,0.17806746987951805,7.389799999999999,0.0,0.0,-0.0,0.0,0.0
W5P2,22,6.204,0.0,6.204,1.56,0.11190361445783133,4.644,0.0,0.0,-0.0,0.0,0.0
W5P2,23,16.928,0.0,16.928,1.4802,0.3722361445783133,15.4478,0.0,0.0,0.0,0.0,0.0
W5P3,0,9.776,0.0,9.776,1.3698000000000001,0.20255903614457832,8.4062,0.0,0.0,0.0,0.0,0.0
W5P3,1,13.5,0.0,13.5,1.0997999999999999,0.2988,12.4002,0.0,-0.0,-0.0,0.0,0.0
W5P3,2,15.392,0.0,15.392,0.7998000000000001,0.3516192771084337,14.592199999999998,0.0,0.0,-0.0,0.0,0.0
W5P3,3,13.312,0.0,13.312,0.99,0.2969156626506024,12.322,0.0,0.0,-0.0,0.0,0.0
W5P3,4,15.144,0.0,15.144,1.1802000000000001,0.3364771084337349,13.963799999999999,0.0,0.0,-0.0,0.0,0.0
W5P3,5,14.315999999999999,0.0,14.315999999999999,1.6301999999999999,0.30568192771084335,12.685799999999999,0.0,0.0,-0.0,0.0,0.0
W5P3,6,17.852,0.0,17.852,2.5002,0.36992289156626507,15.3518,0.0,0.0,0.0,0.0,0.0
W5P3,7,9.628,1.28,10.908,3.3701999999999996,0.18163373493975904,7.5378,0.0,-0.0,-0.0,0.0,0.0
W5P3,8,22.324,3.2,25.524,4.0098,0.5184144578313253,21.514200000000002,0.0,0.0,-0.0,0.0,0.0
W5P3,9,20.928,5.12,26.048000000000002,4.199999999999999,0.5264578313253012,21.848,0.0,0.0,-0.0,0.0,0.0
W5P3,10,15.995999999999999,7.68,23.676,4.1202,0.47122409638554213,19.555799999999998,0.0,0.0,-0.0,0.0,0.0
W5P3,11,14.328000000000001,11.52,25.848,3.9000000000000004,0.528867469879518,21.948,0.0,0.0,-0.0,0.0,0.0
W5P3,12,12.74,14.08,26.82,3.2598000000000003,0.5677156626506025,23.560200000000002,0.0,0.0,-0.0,0.0,0.0
W5P3,13,12.812,14.08,26.892,2.6898,0.5831855421686747,24.202199999999998,0.0,0.0,-0.0,0.0,0.0
W5P3,14,8.256,11.52,19.776,3.63,0.38906024096385544,16.146,0.0,0.0,-0.0,0.0,0.0
W5P3,15,8.556000000000001,7.04,15.596,3.8202000000000003,0.2837542168674699,11.7758,0.0,0.0,-0.0,0.0,0.0
W5P3,16,15.664,5.12,20.784,3.75,0.41045783132530117,17.034,0.0,0.0,-0.0,0.0,0.0
W5P3,17,8.372,3.2,11.572,3.1398,0.20318554216867465,8.432199999999998,0.0,0.0,-0.0,0.0,0.0
W5P3,18,7.872,1.28,9.152,2.61,0.15763855421686745,6.542,0.0,0.0,-0.0,0.0,0.0
W5P3,19,11.175999999999998,0.0,11.175999999999998,2.1198,0.21822168674698791,9.056199999999999,0.0,0.0,-0.0,0.0,0.0
W5P3,20,9.884,0.0,9.884,1.8599999999999999,0.19334939759036146,8.024000000000001,0.0,0.0,-0.0,0.0,0.0
W5P3,21,9.02,0.0,9.02,1.6301999999999999,0.17806746987951805,7.389799999999999,0.0,0.0,-0.0,0.0,0.0
W5P3,22,6.204,0.0,6.204,1.56,0.11190361445783133,4.644,0.0,0.0,0.0,0.0,0.0
W5P3,23,16.928,0.0,16.928,1.4802,0.3722361445783133,15.4478,0.0,-0.0,-0.0,0.0,0.0
W5P4,0,9.776,0.0,9.776,1.3698000000000001,0.20255903614457832,8.4062,0.0,-0.0,-0.0,0.0,0.0
W5P4,1,13.5,0.0,13.5,1.0997999999999999,0.2988,12.4002,0.0,0.0,-0.0,0.0,0.0
W5P4,2,15.392,0.0,15.392,0.7998000000000001,0.3516192771084337,14.592199999999998,0.0,0.0,-0.0,0.0,0.0
W5P4,3,13.312,0.0,13.312,0.99,0.2969156626506024,12.322,0.0,0.0,-0.0,0.0,0.0
W5P4,4,15.144,0.0,15.144,1.1802000000000001,0.3364771084337349,13.963799999999999,0.0,0.0,0.0,0.0,0.0
W5P4,5,14.315999999999999,0.0,14.315999999999999,1.6301999999999999,0.30568192771084335,12.685799999999999,0.0,-0.0,-0.0,0.0,0.0
W5P4,6,17.852,0.0,17.852,2.5002,0.36992289156626507,15.3518,0.0,0.0,-0.0,0.0,0.0
W5P4,7,9.628,0.0,9.628,3.3701999999999996,0.15079036144578314,6.2578000000000005,0.0,0.0,-0.0,0.0,0.0
W5P4,8,22.324,0.0,22.324,4.0098,0.44130602409638553,18.3142,0.0,0.0,-0.0,0.0,0.0
W5P4,9,20.928,0.0,20.928,4.199999999999999,0.40308433734939764,16.728,0.0,0.0,-0.0,0.0,0.0
W5P4,10,15.995999999999999,0.0,15.995999999999999,4.1202,0.2861638554216867,11.875799999999998,0.0,0.0,-0.0,0.0,0.0
W5P4,11,14.328000000000001,1.28,15.608,3.9000000000000004,0.28212048192771083,11.708,0.0,0.0,-0.0,0.0,0.0
W5P4,12,12.74,5.12,17.86,3.2598000000000003,0.35181204819277107,14.6002,0.0,0.0,-0.0,0.0,0.0
W5P4,13,12.812,7.68,20.491999999999997,2.6898,0.4289686746987952,17.8022,0.0,0.0,-0.0,0.0,0.0
W5P4,14,8.256,5.12,13.376000000000001,3.63,0.23484337349397597,9.746000000000002,0.0,0.0,-0.0,0.0,0.0
W5P4,15,8.556000000000001,1.28,9.836,3.8202000000000003,0.14495903614457833,6.0158000000000005,0.0,0.0,-0.0,0.0,0.0
W5P4,16,15.664,0.0,15.664,3.75,0.2870843373493976,11.914,0.0,0.0,-0.0,0.0,0.0
W5P4,17,8.372,0.0,8.372,3.1398,0.12607710843373493,5.2322,0.0,0.0,-0.0,0.0,0.0
W5P4,18,7.872,0.0,7.872,2.61,0.1267951807228916,5.2620000000000005,0.0,0.0,-0.0,0.0,0.0
W5P4,19,11.175999999999998,0.0,11.175999999999998,2.1198,0.21822168674698791,9.056199999999999,0.0,0.0,-0.0,0.0,0.0
W5P4,20,9.884,0.0,9.884,1.8599999999999999,0.19334939759036146,8.024000000000001,0.0,0.0,-0.0,0.0,0.0
W5P4,21,9.02,0.0,9.02,1.6301999999999999,0.17806746987951805,7.389799999999999,0.0,0.0,-0.0,0.0,0.0
W5P4,22,6.204,0.0,6.204,1.56,0.11190361445783133,4.644,0.0,0.0,0.0,0.0,0.0
W5P4,23,16.928,0.0,16.928,1.4802,0.3722361445783133,15.4478,0.0,-0.0,0.0,0.0,0.0
W6P1,0,9.448,0.0,9.448,1.3698000000000001,0.19465542168674702,8.0782,0.0,-0.0,-0.0,0.0,0.0
W6P1,1,10.504,0.0,10.504,1.0997999999999999,0.22660722891566265,9.4042,0.0,0.0,-0.0,0.0,0.0
W6P1,2,11.788,0.0,11.788,0.7998000000000001,0.26477590361445785,10.9882,0.0,0.0,-0.0,0.0,0.0
W6P1,3,11.504000000000001,0.0,11.504000000000001,0.99,0.25334939759036146,10.514000000000001,0.0,0.0,-0.0,0.0,0.0
W6P1,4,11.16,0.0,11.16,1.1802000000000001,0.24047710843373496,9.979800000000001,0.0,0.0,-0.0,0.0,0.0
W6P1,5,10.964,0.0,10.964,1.6301999999999999,0.22491084337349398,9.3338,0.0,0.0,-0.0,0.0,0.0
W6P1,6,10.744,14.08,24.823999999999998,2.5002,0.537922891566265,22.3238,0.0,0.0,0.0,0.0,0.0
W6P1,7,10.34,25.6,35.94,3.3701999999999996,0.7848144578313253,32.5698,0.0,-0.0,0.0,0.0,0.0
W6P1,8,9.671999999999999,37.12,46.791999999999994,4.0098,1.0,41.5,1.282199999999996,0.0,1.1539799999999965,0.0,0.0
W6P1,9,6.9479999999999995,46.08,53.028,4.199999999999999,1.0,41.5,7.328000000000003,0.0,7.7468720399999995,0.0,0.0
W6P1,10,6.04,52.48,58.519999999999996,4.1202,1.0,41.5,12.899799999999999,0.0,19.341198295919998,0.0,0.0
W6P1,11,6.06,55.04,61.1,3.9000000000000004,1.0,41.5,15.700000000000003,0.0,33.43251589932816,0.0,0.0
W6P1,12,6.5280000000000005,56.32,62.848,3.2598000000000003,1.0,41.5,18.0882,0.0,49.6450308675295,0.0,0.0
W6P1,13,5.768,56.32,62.088,2.6898,1.0,41.5,17.898200000000003,0.0,65.65412080579443,0.0,0.0
W6P1,14,5.432,52.48,57.912,3.63,1.0,41.5,12.781999999999996,0.0,77.02661256418284,0.0,0.0
W6P1,15,5.368,44.8,50.168,3.8202000000000003,1.0,41.5,4.847799999999999,0.0,81.23557933905448,0.0,0.0
W6P1,16,6.656,33.28,39.936,3.75,1.0,41.5,0.0,5.314,75.16866373593191,0.0,0.0
W6P1,17,8.408,24.32,32.728,3.1398,1.0,41.5,0.0,11.9118,61.782993075126726,0.0,0.0
W6P1,18,10.808,11.52,22.328,2.61,1.0,41.5,0.0,21.782,37.45720486675425,0.0,0.0
W6P1,19,9.604000000000001,0.0,9.604000000000001,2.1198,0.991042443646233,41.12826141131867,0.0,33.64406141131867,0.0,0.0,0.0
W6P1,20,6.832000000000001,0.0,6.832000000000001,1.8599999999999999,0.11980722891566269,4.972000000000001,0.0,-0.0,-0.0,0.0,0.0
W6P1,21,8.384,0.0,8.384,1.6301999999999999,0.1627421686746988,6.7538,0.0,0.0,0.0,0.0,0.0
W6P1,22,7.688000000000001,0.0,7.688000000000001,1.56,0.14766265060240963,6.127999999999999,0.0,-0.0,-0.0,0.0,0.0
W6P1,23,9.671999999999999,0.0,9.671999999999999,1.4802,0.1973927710843373,8.191799999999999,0.0,0.0,0.0,0.0,0.0
W6P2,0,9.448,0.0,9.448,1.3698000000000001,0.19465542168674702,8.0782,0.0,0.0,-0.0,0.0,0.0
W6P2,1,10.504,0.0,10.504,1.0997999999999999,0.22660722891566265,9.4042,0.0,0.0,-0.0,0.0,0.0
W6P2,2,11.788,0.0,11.788,0.7998000000000001,0.26477590361445785,10.9882,0.0,0.0,-0.0,0.0,0.0
W6P2,3,11.504000000000001,0.0,11.504000000000001,0.99,0.25334939759036146,10.514000000000001,0.0,0.0,-0.0,0.0,0.0
W6P2,4,11.16,0.0,11.16,1.1802000000000001,0.24047710843373496,9.979800000000001,0.0,0.0,-0.0,0.0,0.0
W6P2,5,10.964,0.0,10.964,1.6301999999999999,0.22491084337349398,9.3338,0.0,0.0,0.0,0.0,0.0
W6P2,6,10.744,0.0,10.744,2.5002,0.19864578313253012,8.2438,0.0,-0.0,-0.0,0.0,0.0
W6P2,7,10.34,3.2,13.54,3.3701999999999996,0.24505542168674696,10.169799999999999,0.0,0.0,-0.0,0.0,0.0
W6P2,8,9.671999999999999,10.88,20.552,4.0098,0.3986072289156627,16.5422,0.0,0.0,-0.0,0.0,0.0
W6P2,9,6.9479999999999995,17.92,24.868000000000002,4.199999999999999,0.49802409638554224,20.668000000000003,0.0,0.0,-0.0,0.0,0.0
W6P2,10,6.04,24.96,31.0,4.1202,0.6477060240963856,26.8798,0.0,0.0,-0.0,0.0,0.0
W6P2,11,6.06,31.36,37.42,3.9000000000000004,0.8077108433734941,33.52,0.0,0.0,-0.0,0.0,0.0
W6P2,12,6.5280000000000005,35.84,42.368,3.2598000000000003,0.942366265060241,39.108200000000004,0.0,0.0,-0.0,0.0,0.0
W6P2,13,5.768,37.12,42.888,2.6898,0.9686313253012048,40.1982,0.0,0.0,-0.0,0.0,0.0
W6P2,14,5.432,32.0,37.432,3.63,0.8145060240963855,33.802,0.0,0.0,-0.0,0.0,0.0
W6P2,15,5.368,25.6,30.968000000000004,3.8202000000000003,0.6541638554216869,27.147800000000004,0.0,0.0,-0.0,0.0,0.0
W6P2,16,6.656,19.2,25.855999999999998,3.75,0.5326746987951807,22.105999999999998,0.0,0.0,-0.0,0.0,0.0
W6P2,17,8.408,9.6,18.008,3.1398,0.35826987951807227,14.8682,0.0,0.0,-0.0,0.0,0.0
W6P2,18,10.808,3.2,14.008,2.61,0.27465060240963857,11.398,0.0,0.0,-0.0,0.0,0.0
W6P2,19,9.604000000000001,0.0,9.604000000000001,2.1198,0.18034216867469882,7.484200000000001,0.0,0.0,-0.0,0.0,0.0
W6P2,20,6.832000000000001,0.0,6.832000000000001,1.8599999999999999,0.11980722891566269,4.972000000000001,0.0,0.0,0.0,0.0,0.0
W6P2,21,8.384,0.0,8.384,1.6301999999999999,0.1627421686746988,6.7538,0.0,-0.0,0.0,0.0,0.0
W6P2,22,7.688000000000001,0.0,7.688000000000001,1.56,0.14766265060240963,6.127999999999999,0.0,-0.0,-0.0,0.0,0.0
W6P2,23,9.671999999999999,0.0,9.671999999999999,1.4802,0.1973927710843373,8.191799999999999,0.0,0.0,-0.0,0.0,0.0
W6P3,0,9.448,0.0,9.448,1.3698000000000001,0.19465542168674702,8.0782,0.0,0.0,-0.0,0.0,0.0
W6P3,1,10.504,0.0,10.504,1.0997999999999999,0.22660722891566265,9.4042,0.0,0.0,0.0,0.0,0.0
W6P3,2,11.788,0.0,11.788,0.7998000000000001,0.26477590361445785,10.9882,0.0,-0.0,-0.0,0.0,0.0
W6P3,3,11.504000000000001,0.0,11.504000000000001,0.99,0.25334939759036146,10.514000000000001,0.0,0.0,-0.0,0.0,0.0
W6P3,4,11.16,0.0,11.16,1.1802000000000001,0.24047710843373496,9.979800000000001,0.0,0.0,-0.0,0.0,0.0
W6P3,5,10.964,0.0,10.964,1.6301999999999999,0.22491084337349398,9.3338,0.0,0.0,-0.0,0.0,0.0
W6P3,6,10.744,0.0,10.744,2.5002,0.19864578313253012,8.2438,0.0,0.0,-0.0,0.0,0.0
W6P3,7,10.34,1.28,11.62,3.3701999999999996,0.19879036144578313,8.2498,0.0,0.0,-0.0,0.0,0.0
W6P3,8,9.671999999999999,3.2,12.872,4.0098,0.2135469879518072,8.8622,0.0,0.0,-0.0,0.0,0.0
W6P3,9,6.9479999999999995,5.12,12.068,4.199999999999999,0.18959036144578315,7.868,0.0,0.0,-0.0,0.0,0.0
W6P3,10,6.04,7.68,13.719999999999999,4.1202,0.2313204819277108,9.599799999999998,0.0,0.0,-0.0,0.0,0.0
W6P3,11,6.06,11.52,17.58,3.9000000000000004,0.32963855421686744,13.679999999999998,0.0,0.0,-0.0,0.0,0.0
W6P3,12,6.5280000000000005,14.08,20.608,3.2598000000000003,0.41802891566265055,17.3482,0.0,0.0,-0.0,0.0,0.0
W6P3,13,5.768,14.08,19.848,2.6898,0.41345060240963855,17.1582,0.0,0.0,-0.0,0.0,0.0
W6P3,14,5.432,11.52,16.951999999999998,3.63,0.32101204819277107,13.322,0.0,0.0,-0.0,0.0,0.0
W6P3,15,5.368,7.04,12.408000000000001,3.8202000000000003,0.20693493975903618,8.587800000000001,0.0,0.0,-0.0,0.0,0.0
W6P3,16,6.656,5.12,11.776,3.75,0.19339759036144577,8.026,0.0,0.0,-0.0,0.0,0.0
W6P3,17,8.408,3.2,11.608,3.1398,0.20405301204819276,8.4682,0.0,0.0,-0.0,0.0,0.0
W6P3,18,10.808,1.28,12.088,2.61,0.22838554216867468,9.478,0.0,0.0,-0.0,0.0,0.0
W6P3,19,9.604000000000001,0.0,9.604000000000001,2.1198,0.18034216867469882,7.484200000000001,0.0,0.0,-0.0,0.0,0.0
W6P3,20,6.832000000000001,0.0,6.832000000000001,1.8599999999999999,0.11980722891566269,4.972000000000001,0.0,0.0,0.0,0.0,0.0
W6P3,21,8.384,0.0,8.384,1.6301999999999999,0.1627421686746988,6.7538,0.0,-0.0,-0.0,0.0,0.0
W6P3,22,7.688000000000001,0.0,7.688000000000001,1.56,0.14766265060240963,6.127999999999999,0.0,0.0,-0.0,0.0,0.0
W6P3,23,9.671999999999999,0.0,9.671999999999999,1.4802,0.1973927710843373,8.191799999999999,0.0,0.0,-0.0,0.0,0.0
W6P4,0,9.448,0.0,9.448,1.3698000000000001,0.19465542168674702,8.0782,0.0,0.0,-0.0,0.0,0.0
W6P4,1,10.504,0.0,10.504,1.0997999999999999,0.22660722891566265,9.4042,0.0,0.0,-0.0,0.0,0.0
W6P4,2,11.788,0.0,11.788,0.7998000000000001,0.26477590361445785,10.9882,0.0,0.0,-0.0,0.0,0.0
W6P4,3,11.504000000000001,0.0,11.504000000000001,0.99,0.25334939759036146,10.514000000000001,0.0,0.0,-0.0,0.0,0.0
W6P4,4,11.16,0.0,11.16,1.1802000000000001,0.24047710843373496,9.979800000000001,0.0,0.0,-0.0,0.0,0.0
W6P4,5,10.964,0.0,10.964,1.6301999999999999,0.22491084337349398,9.3338,0.0,0.0,-0.0,0.0,0.0
W6P4,6,10.744,0.0,10.744,2.5002,0.19864578313253012,8.2438,0.0,0.0,-0.0,0.0,0.0
W6P4,7,10.34,0.0,10.34,3.3701999999999996,0.16794698795180724,6.9698,0.0,0.0,-0.0,0.0,0.0
W6P4,8,9.671999999999999,0.0,9.671999999999999,4.0098,0.13643855421686743,5.662199999999999,0.0,0.0,0.0,0.0,0.0
W6P4,9,6.9479999999999995,0.0,6.9479999999999995,4.199999999999999,0.0,0.0,2.748,0.0,2.4732000000000003,0.0,0.0
W6P4,10,6.04,0.0,6.04,4.1202,0.0,0.0,1.9198000000000004,0.0,4.1960736,0.0,0.0
W6P4,11,6.06,1.28,7.34,3.9000000000000004,0.1113148823495633,4.619567617506877,0.0,1.1795676175068774,2.877050766681247,0.0,0.0
W6P4,12,6.5280000000000005,5.12,11.648,3.2598000000000003,0.20212530120481925,8.3882,0.0,0.0,2.8712966651478844,0.0,0.0
W6P4,13,5.768,7.68,13.448,2.6898,0.25923373493975904,10.7582,0.0,0.0,2.8655540718175887,0.0,0.0
W6P4,14,5.432,5.12,10.552,3.63,0.16679518072289157,6.922,0.0,0.0,2.8598229636739534,0.0,0.0
W6P4,15,5.368,1.28,6.648000000000001,3.8202000000000003,0.1,4.15,0.0,1.3222,1.3849922066354938,0.0,0.0
W6P4,16,6.656,0.0,6.656,3.75,0.1,4.15,0.0,1.2440000000000007,0.0,0.0,0.0
W6P4,17,8.408,0.0,8.408,3.1398,0.126944578313253,5.2682,0.0,-0.0,-0.0,0.0,0.0
W6P4,18,10.808,0.0,10.808,2.61,0.19754216867469881,8.198,0.0,0.0,-0.0,0.0,0.0
W6P4,19,9.604000000000001,0.0,9.604000000000001,2.1198,0.18034216867469882,7.484200000000001,0.0,0.0,0.0,0.0,0.0
W6P4,20,6.832000000000001,0.0,6.832000000000001,1.8599999999999999,0.11980722891566269,4.972000000000001,0.0,-0.0,-0.0,0.0,0.0
W6P4,21,8.384,0.0,8.384,1.6301999999999999,0.1627421686746988,6.7538,0.0,0.0,-0.0,0.0,0.0
W6P4,22,7.688000000000001,0.0,7.688000000000001,1.56,0.14766265060240963,6.127999999999999,0.0,0.0,-0.0,0.0,0.0
W6P4,23,9.671999999999999,0.0,9.671999999999999,1.4802,0.1973927710843373,8.191799999999999,0.0,0.0,-0.0,0.0,0.0
